profit,is_bad,is_poor,is_fine,is_good,is_excellent,year,budget,run_time,rating,open_theater_count,release,is_A24,is_Drama,is_Comedy,is_Thriller,is_Action,is_Adventure,is_Sci-Fi
18.075635,0,0,1,0,0,2018,13.5,100,6.0,2038.0,20180420,0,0,1,0,0,0,0
4.361428,0,0,1,0,0,2018,34.0,105,5.7,3127.0,20180803,0,1,0,1,1,1,1
71.487563,0,0,1,0,0,2018,88.0,107,5.3,4037.0,20180914,0,0,0,1,1,1,1
55.520633,0,0,1,0,0,2018,10.0,110,7.5,2402.0,20180316,0,1,1,0,0,0,0
676.36237,0,0,0,0,1,2018,110.0,119,7.6,4349.0,20180518,0,0,1,0,1,1,1
33.9847,0,0,1,0,0,2018,42.0,130,6.8,2803.0,20181116,0,1,0,1,0,0,0
12.067665,0,0,1,0,0,2018,23.0,133,7.5,36.0,20181019,0,1,0,0,0,0,0
845.453201,0,0,0,0,1,2018,50.0,134,7.9,4000.0,20180320,0,1,0,0,0,0,0
76.951861,0,0,1,0,0,2018,69.0,140,6.447046414,3056.0,20180302,0,1,0,1,0,0,0
-2.800601,0,1,0,0,0,2018,32.0,141,7.1,2808.0,20181012,0,1,0,1,0,0,0
203.878536,0,0,0,1,0,2018,62.0,143,6.2,3787.0,20180126,0,0,0,1,1,1,1
0.488612,0,1,0,0,0,2018,3.5,113,7.1,4.0,20180608,1,1,0,1,0,0,0
7.035592,0,0,1,0,0,2018,7.0,105,6.7,3.0,20180914,1,1,0,0,0,0,0
-5.014999,1,0,0,0,0,2018,8.0,121,7.1,4.0,20180406,1,1,0,0,0,1,0
7.487575,0,0,1,0,0,2018,1.7,85,7.3,4.0,20181026,1,1,1,0,0,0,0
12.34802,0,0,0,1,0,2018,2.0,94,7.4,4.0,20180803,1,1,1,0,0,0,0
71.263489,0,0,0,0,1,2018,10.0,127,7.3,2964.0,20180608,1,1,0,1,0,0,0
-11.372462,1,0,0,0,0,2018,12.0,102,6.7,2.0,20180629,1,1,0,0,0,0,0
-3.259253,0,1,0,0,0,2018,10.0,117,6.9,23.0,20180921,0,1,0,0,0,0,0
-5.985438,0,1,0,0,0,2018,19.3,120,7.4,4.0,20181012,0,1,0,0,0,0,0
15.08556,0,0,1,0,0,2018,3.2,112,6.9,16.0,20180713,0,1,1,0,0,0,1
7.859167,0,0,1,0,0,2018,12.0,117,7.1,4.0,20181225,0,1,0,0,0,0,0
-23.363933,0,1,0,0,0,2018,38.0,121,6.9,4.0,20181019,0,1,0,0,0,0,0
10.893782,0,0,1,0,0,2018,60.0,132,8.0,22.0,20181225,0,1,0,1,0,0,0
-14.855835,0,1,0,0,0,2018,18.8,110,6.7,4.0,20181116,0,1,0,0,0,0,0
27.144262,0,0,1,0,0,2018,5.0,85,5.2,2464.0,20180309,0,0,0,0,0,0,0
13.976561,0,0,1,0,0,2018,3.0,100,7.5,1457.0,20180601,0,0,0,1,1,0,1
8.910183,0,0,1,0,0,2018,7.0,112,6.7,4.0,20180921,0,1,0,0,0,0,0
12.796709,0,0,1,0,0,2018,1.5,98,6.4,2023.0,20180323,0,1,0,1,0,0,0
1.195105,0,1,0,0,0,2018,6.0,114,6.6,5.0,20180427,0,1,1,0,0,0,0
12.795662,0,0,1,0,0,2018,5.5,89,5.5,2297.0,20180928,0,0,0,1,0,0,0
42.460255,0,0,1,0,0,2018,3.5,99,5.4,2480.0,20180202,0,1,0,1,0,0,0
-15.851909,0,1,0,0,0,2018,34.0,101,6.4,1560.0,20180406,0,1,0,1,0,0,0
-4.036316,0,1,0,0,0,2018,35.0,103,5.1,2402.0,20180309,0,0,0,1,1,1,0
3.781638,0,0,1,0,0,2018,1.0,107,6.4,2007.0,20180504,0,0,0,1,0,0,0
-2.152362,0,1,0,0,0,2018,25.0,93,6.447046414,29.0,20180615,0,0,0,0,0,0,0
129.378778,0,0,0,1,0,2018,30.0,89,6.2,544.0,20181026,0,0,1,0,1,1,0
-1.525779,0,1,0,0,0,2018,5.0,92,6.6,549.0,20180309,0,1,1,1,0,0,0
8.452688,0,0,1,0,0,2018,7.5,96,6.9,6.0,20180504,0,1,1,0,0,0,0
0.86265,0,1,0,0,0,2018,11.0,115,6.9,5.0,20181111,0,1,0,0,0,0,0
18.883444,0,0,1,0,0,2018,20.0,120,7.1,33.0,20190111,0,1,0,0,0,0,0
22.020146,0,0,1,0,0,2018,25.0,125,6.3,4.0,20181221,0,1,0,0,0,0,0
78.411426,0,0,1,0,0,2018,15.0,135,7.5,1512.0,20180810,0,1,1,0,0,0,0
1.155673,0,1,0,0,0,2018,15.8,93,6.7,5.0,20181019,0,1,1,0,0,0,0
18.688771,0,0,1,0,0,2018,40.0,101,7.8,2301.649025,20180413,0,1,1,0,0,1,1
2.517379,0,0,1,0,0,2018,10.0,107,7.1,5.0,20181019,0,1,1,0,0,0,0
80.872148,0,0,1,0,0,2018,15.0,120,7.5,4.0,20181221,0,1,1,0,0,0,0
-0.551766,0,1,0,0,0,2018,3.4,111,5.7,1272.0,20180907,0,1,0,0,0,0,0
-21.17638,0,1,0,0,0,2018,25.0,84,6.9,1633.0,20180413,0,0,0,0,0,1,0
30.371031,0,0,1,0,0,2018,5.5,91,4.0,3212.0,20180518,0,0,1,0,0,1,0
24.152508,0,0,1,0,0,2018,2.8,91,6.6,2301.649025,20180323,0,1,0,0,0,0,0
-2.183373,0,1,0,0,0,2018,15.5,94,6.1,2407.0,20180608,0,1,0,1,1,0,1
-1.740247,0,1,0,0,0,2018,10.0,98,5.3,1710.0,20180824,0,1,0,1,1,1,1
26.61109,0,0,1,0,0,2018,2.0,100,8.1,4.0,20180928,0,0,0,0,0,1,0
-0.320107,0,1,0,0,0,2018,4.0,93,6.5,668.0,20181012,0,1,0,0,0,0,0
-7.566268,0,1,0,0,0,2018,8.0,118,3.9,613.0,20181026,0,0,0,1,0,0,0
-7.720345,0,1,0,0,0,2018,18.0,99,6.5,1707.0,20180406,0,1,0,0,0,0,0
-1.803774,0,1,0,0,0,2018,10.0,113,6.2,1.0,20180808,0,1,1,0,0,0,0
-0.014646,0,1,0,0,0,2018,5.0,95,6.447046414,14.0,20180720,0,1,1,0,0,0,0
5.561231,0,0,1,0,0,2018,4.0,96,5.9,1046.0,20180420,0,0,0,1,1,0,0
-19.616476,0,1,0,0,0,2018,30.0,102,7.9,2141.0,20180831,0,1,0,0,0,0,0
28.594261,0,0,1,0,0,2018,18.0,103,5.8,2742.0,20180629,0,1,1,0,0,0,0
78.509836,0,0,1,0,0,2018,40.0,105,6.3,2892.0,20180112,0,0,0,1,1,0,0
77.628717,0,0,1,0,0,2018,20.0,117,6.8,3102.0,20180914,0,0,1,1,0,0,0
37.109957,0,0,1,0,0,2018,40.0,117,6.0,3111.0,20180803,0,0,1,0,1,1,0
26.627836,0,0,1,0,0,2018,20.0,120,5.9,2301.649025,20180330,0,1,0,1,0,0,0
-10.674791,0,1,0,0,0,2018,40.0,121,6.6,2720.0,20181026,0,0,0,1,1,0,0
-2.387901,0,1,0,0,0,2018,20.0,123,6.6,1818.0,20180829,0,1,0,1,0,0,0
163.591522,0,0,0,1,0,2018,50.0,130,7.1,3441.0,20181121,0,1,0,0,1,0,0
12.367948,0,0,1,0,0,2018,1.0,96,7.6,5.0,20180629,0,1,0,0,0,0,0
-4.147241,0,1,0,0,0,2018,7.0,108,6.0,1403.0,20180921,0,1,1,1,1,0,0
7.926031,0,0,1,0,0,2018,4.9,97,6.4,3.0,20180223,0,1,0,0,0,0,0
15.434588,0,0,1,0,0,2018,1.0,92,6.0,1546.0,20180720,0,0,0,1,0,0,0
-13.896325,0,1,0,0,0,2018,19.0,85,5.1,2032.0,20180601,0,0,1,0,0,0,0
28.527651,0,0,1,0,0,2018,59.0,86,5.2,3662.0,20180323,0,0,1,0,0,1,0
318.205231,0,0,0,0,1,2018,17.0,90,7.5,3508.0,20180406,0,1,0,0,0,0,1
1.178189,0,1,0,0,0,2018,38.0,110,6.6,2859.0,20181109,0,0,0,0,1,0,1
363.195589,0,0,0,0,1,2018,102.0,114,6.7,3550.0,20181221,0,0,0,0,1,1,1
71.736188,0,0,1,0,0,2018,48.0,118,7.3,3286.0,20181116,0,1,1,0,0,0,0
609.176729,0,0,0,0,1,2018,178.0,147,7.7,4386.0,20180727,0,0,0,1,1,1,0
77.228463,0,0,1,0,0,2018,14.1,103,6.1,2781.0,20180518,0,1,1,0,0,0,0
3.070915,0,0,1,0,0,2018,40.0,115,6.447046414,2012.0,20180223,0,1,0,0,0,0,0
0.062977,0,1,0,0,0,2018,1.4,112,7.8,1503.0,20191225,0,1,0,0,0,0,0
-2.152849,0,1,0,0,0,2018,7.0,109,4.5,1249.0,20180216,0,1,0,0,1,0,0
1.316897,0,1,0,0,0,2018,4.9,98,5.8,1620.0,20180914,0,1,0,0,0,0,0
0.889633,0,1,0,0,0,2018,2.7,119,5.8,830.0,20181026,0,1,0,0,0,0,0
-0.114119,0,1,0,0,0,2018,6.0,109,4.1,1005.0,20180803,0,0,0,0,0,0,0
-0.383005,0,1,0,0,0,2018,13.0,103,6.7,4.0,20181207,0,1,0,0,0,0,0
12.876066,0,0,1,0,0,2018,3.5,104,6.6,1114.0,20180119,0,1,1,0,0,0,0
78.783567,0,0,1,0,0,2018,7.0,110,7.3,1627.0,20180316,0,1,0,0,0,0,0
36.87373,0,0,1,0,0,2018,6.0,86,5.2,2065.0,20181130,0,0,0,1,0,0,0
7.709539,0,0,1,0,0,2018,14.0,88,5.0,2125.0,20180112,0,1,0,1,1,0,0
-0.073395,0,1,0,0,0,2018,42.0,90,3.9,2776.0,20181225,0,0,1,0,0,0,0
58.291478,0,0,1,0,0,2018,35.0,90,5.6,3521.0,20181012,0,0,1,0,0,1,0
295.15544,0,0,0,0,1,2018,50.0,95,6.6,3725.0,20180209,0,1,1,0,0,1,0
48.624873,0,0,1,0,0,2018,51.0,96,7.5,2719.0,20180817,0,0,1,0,0,0,0
447.103195,0,0,0,0,1,2018,80.0,97,6.3,4267.0,20180713,0,0,1,0,0,1,0
75.210613,0,0,1,0,0,2018,0.88,102,7.6,9.0,20180831,0,1,0,1,0,0,0
21.0785,0,0,1,0,0,2018,5.0,106,6.6,1473.0,20180323,0,1,0,0,0,1,0
-3.052017,0,1,0,0,0,2018,29.0,111,6.5,2504.0,20180914,0,1,0,0,0,0,0
753.530899,0,0,0,0,1,2018,100.0,112,6.6,825.0,20181005,0,0,0,0,1,1,1
0.033962,0,1,0,0,0,2018,3.2,113,6.1,4.0,20181121,0,1,0,0,0,0,0
285.332003,0,0,0,0,1,2018,90.0,117,6.447046414,3813.0,20181214,0,0,0,0,1,1,0
-8.016658,0,1,0,0,0,2018,43.0,117,6.1,2301.649025,20181109,0,1,0,1,1,1,0
128.376181,0,0,0,1,0,2018,62.0,121,6.7,3388.0,20180720,0,0,0,1,1,0,0
40.885196,0,0,1,0,0,2018,35.0,122,7.1,3055.0,20180629,0,1,0,1,1,0,0
4.723581,0,0,1,0,0,2018,16.0,129,5.2,2220.0,20180613,0,0,0,1,1,0,0
16.293486,0,0,1,0,0,2018,10.0,98,7.2,5.0,20181228,0,1,1,0,0,0,0
11.731409,0,0,1,0,0,2018,7.0,100,8.4,4.0,20180817,0,1,0,0,0,0,0
41.945949,0,0,1,0,0,2018,10.0,93,3.2,2358.0,20180810,0,0,0,1,0,0,0
-12.493588,0,1,0,0,0,2018,40.0,91,5.5,3256.0,20180824,0,0,1,1,1,0,0
31.295121,0,0,1,0,0,2018,35.0,94,6.1,3520.0,20180817,0,0,0,1,1,0,0
22.897191,0,0,1,0,0,2018,35.0,96,6.6,3015.0,20180601,0,1,0,1,1,1,0
29.000758,0,0,1,0,0,2018,22.8,102,6.5,2980.0,20180907,0,0,0,1,1,0,0
47.288854,0,0,1,0,0,2018,16.0,104,5.8,2607.0,20181221,0,1,1,0,0,0,0
59.444095,0,0,1,0,0,2018,32.0,110,5.6,3440.0,20180420,0,0,1,0,0,0,0
0.15834,0,1,0,0,0,2018,11.0,110,6.1,2404.0,20180309,0,1,1,0,1,0,0
50.147166,0,0,1,0,0,2018,30.0,140,7.0,2432.0,20180119,0,1,0,1,1,0,0
45.485382,0,0,1,0,0,2018,6.0,88,5.5,2301.649025,20180511,0,0,0,1,1,0,0
124.054597,0,0,0,1,0,2018,13.0,97,5.2,3031.0,20180704,0,0,0,1,1,0,1
91.792744,0,0,0,1,0,2018,3.5,100,5.2,3029.0,20180413,0,0,0,1,0,0,0
179.868961,0,0,0,1,0,2018,125.0,102,5.8,3782.0,20180713,0,0,0,1,1,1,0
73.523781,0,0,1,0,0,2018,21.0,102,6.447046414,3379.0,20180406,0,0,1,0,0,0,0
162.811971,0,0,0,1,0,2018,10.0,103,5.7,3116.0,20180105,0,0,0,1,0,0,0
89.457147,0,0,0,1,0,2018,42.0,105,6.1,3592.0,20180921,0,0,1,0,0,0,1
316.985018,0,0,0,0,1,2018,55.0,110,4.5,3768.0,20180209,0,1,0,1,0,0,0
74.113446,0,0,1,0,0,2018,29.0,111,5.6,1.0,20180928,0,0,1,0,0,0,0
140.930148,0,0,0,1,0,2018,150.0,111,5.6,3708.0,20180323,0,0,0,0,1,1,1
317.879661,0,0,0,0,1,2018,75.0,113,6.6,3317.0,20180720,0,0,1,0,0,0,0
-25.913863,0,1,0,0,0,2018,39.0,116,6.2,1911.0,20181221,0,1,1,0,0,0,0
123.453994,0,0,0,1,0,2018,50.0,116,7.0,2301.649025,20181214,0,1,0,1,0,0,0
-14.712583,0,1,0,0,0,2018,100.0,128,6.1,3103.0,20181214,0,0,0,1,1,1,1
1138.334005,0,0,0,0,1,2018,170.0,128,6.1,4475.0,20180622,0,0,0,0,1,1,1
297.029388,0,0,0,0,1,2018,23.0,130,8.2,25.0,20181116,0,1,1,0,0,0,0
46.703325,0,0,1,0,0,2018,59.0,141,7.3,3640.0,20181012,0,1,0,0,0,0,0
-3.398008,0,1,0,0,0,2018,10.0,110,4.8,503.0,20180615,0,1,0,0,0,0,0
50.0243,0,0,1,0,0,2018,120.0,99,5.6,3766.0,20181102,0,0,0,0,0,1,0
122.504758,0,0,0,1,0,2018,75.0,104,7.2,3602.0,20180803,0,1,1,0,0,1,0
33.401882,0,0,1,0,0,2018,100.0,109,4.3,3980.0,20180309,0,1,0,0,0,1,1
354.29083,0,0,0,0,1,2018,175.0,112,7.0,4017.0,20181123,0,0,1,0,0,1,1
1042.805359,0,0,0,0,1,2018,200.0,118,7.5,4410.0,20180615,0,0,1,0,1,1,1
218.992339,0,0,0,0,1,2018,130.0,131,6.7,4090.0,20181219,0,0,1,0,0,1,0
1136.494321,0,0,0,0,1,2018,200.0,134,7.3,4020.0,20180216,0,0,0,0,1,1,1
118.151347,0,0,0,1,0,2018,275.0,135,6.9,4381.0,20180525,0,0,0,0,1,1,1
1728.540523,0,0,0,0,1,2018,316.0,149,8.4,4474.0,20180427,0,0,0,0,1,1,1
41.620593,0,0,1,0,0,2018,10.0,84,6.7,3188.0,20180727,0,0,1,0,1,1,1
26.0962,0,0,1,0,0,2018,30.0,94,5.3,3042.0,20180209,0,1,0,1,0,0,0
133.682073,0,0,0,1,0,2018,80.0,96,6.6,4131.0,20180928,0,1,1,0,0,1,0
341.391647,0,0,0,0,1,2018,22.0,96,5.3,3876.0,20180907,0,0,0,1,0,0,0
80.378084,0,0,1,0,0,2018,37.0,100,6.9,3488.0,20180223,0,0,1,1,1,1,0
49.024944,0,0,1,0,0,2018,28.0,101,6.5,3382.0,20180615,0,0,1,0,1,0,0
35.859911,0,0,1,0,0,2018,30.0,105,5.6,3656.0,20180511,0,0,1,0,0,0,0
307.947217,0,0,0,0,1,2018,120.0,107,6.1,2301.649025,20180413,0,0,0,0,1,1,1
227.718711,0,0,0,0,1,2018,70.0,110,6.447046414,4145.0,20180608,0,0,1,0,1,0,0
397.370715,0,0,0,0,1,2018,130.0,113,5.7,4118.0,20180810,0,0,0,1,1,0,1
183.477501,0,0,0,1,0,2018,90.0,118,6.3,3854.0,20180316,0,0,0,1,1,1,0
208.099711,0,0,0,0,1,2018,30.0,121,6.9,3384.0,20180815,0,1,1,0,0,0,0
36.118378,0,0,1,0,0,2018,35.0,129,6.5,3002.0,20180119,0,1,0,0,1,0,0
451.280475,0,0,0,0,1,2018,200.0,134,6.5,4163.0,20181116,0,0,0,0,0,1,0
396.195228,0,0,0,0,1,2018,36.0,136,7.6,2301.649025,20181005,0,1,0,0,0,0,0
424.055653,0,0,0,0,1,2018,155.0,140,7.4,4234.0,20180329,0,0,0,0,1,1,1
983.7587,0,0,0,0,1,2018,160.0,143,6.8,4125.0,20181206,0,0,0,0,1,1,1
-17.131448,0,1,0,0,0,2019,30.0,107,6.447046414,2301.649025,20190717,0,1,0,0,0,0,0
-3.803017,0,1,0,0,0,2019,32.1,120,6.1,3521.0,20190125,0,0,0,0,1,1,0
231.90004,0,0,0,0,1,2019,170.0,122,7.3,3790.0,20190214,0,0,0,1,1,1,1
35.231674,0,0,1,0,0,2019,14.0,116,6.3,2824.0,20190417,0,1,0,0,0,0,0
46.356895,0,0,1,0,0,2019,200.0,113,5.7,3721.0,20190607,0,0,0,0,1,1,1
-86.365231,1,0,0,0,0,2019,116.0,93,6.2,3050.0,20190712,0,0,1,1,1,0,0
15.773963,0,0,1,0,0,2019,18.0,109,7.6,2765.0,20190809,0,1,1,0,0,0,0
55.432019,0,0,1,0,0,2019,80.0,124,6.5,3460.0,20190920,0,1,0,1,0,1,1
126.818748,0,0,0,1,0,2019,97.6,152,8.1,3528.0,20191115,0,1,0,0,1,0,0
65.138481,0,0,1,0,0,2019,100.0,102,6.8,3502.0,20191225,0,1,1,1,1,1,1
-1.454458,0,1,0,0,0,2019,2.0,121,7.1,2301.649025,20200710,1,1,0,0,0,0,0
-5.195858,1,0,0,0,0,2019,8.0,139,6.5,2.0,20190419,1,1,0,1,0,0,0
2.648251,0,0,1,0,0,2019,0.103,90,5.6,2301.649025,20190226,1,1,0,0,0,0,0
-0.986099,0,1,0,0,0,2019,2.9,96,6.9,5.0,20190315,1,1,0,1,0,0,0
-5.430244,1,0,0,0,0,2019,8.2,110,5.8,2301.649025,20190412,1,0,0,1,0,0,1
-0.167015,0,1,0,0,0,2019,2.0,119,6.4,4.0,20190607,1,1,0,0,0,0,0
1.638314,0,0,1,0,0,2019,3.0,120,7.3,7.0,20190607,1,1,0,0,0,0,0
37.781844,0,0,0,0,1,2019,9.0,148,7.1,2707.0,20190703,1,1,0,1,0,0,0
19.500687,0,0,0,1,0,2019,3.0,100,7.5,1.0,20190809,1,1,1,0,0,0,0
14.317674,0,0,0,1,0,2019,4.0,109,7.4,2301.649025,20191101,1,1,0,1,0,0,0
-3.424387,1,0,0,0,0,2019,6.0,135,7.5,4.0,20191206,1,1,0,0,0,0,0
0.02378,0,1,0,0,0,2019,50.0,134,7.4,5.0,20191225,1,1,0,1,0,0,0
18.373378,0,0,1,0,0,2019,4.0,102,6.5,4.0,20190607,0,0,0,0,0,0,0
6.422058,0,0,1,0,0,2019,1.0,103,6.8,5.0,20190724,0,1,1,0,0,0,0
-0.084458,0,1,0,0,0,2019,3.5,94,7.2,4.0,20191127,0,1,0,0,0,0,0
44.090525,0,0,1,0,0,2019,14.0,106,5.3,1.0,20190412,0,1,0,0,0,0,0
3.832855,0,0,1,0,0,2019,17.3,125,7.6,4.0,20190329,0,1,0,1,1,0,0
-14.426397,0,1,0,0,0,2019,16.0,92,6.1,4.0,20190419,0,1,0,0,0,0,0
-5.62318,0,1,0,0,0,2019,10.0,99,7.2,1240.0,20190809,0,1,0,0,0,0,0
-7.299739,0,1,0,0,0,2019,8.0,107,5.4,605.0,20190503,0,1,0,1,1,0,0
-20.962573,0,1,0,0,0,2019,30.0,107,5.4,2301.649025,20190111,0,1,0,1,1,0,1
35.582563,0,0,1,0,0,2019,12.0,90,5.0,2853.0,20190816,0,1,0,1,0,1,0
-40.273302,1,0,0,0,0,2019,50.0,93,4.8,2301.649025,20191101,0,0,1,0,0,1,0
17.745868,0,0,1,0,0,2019,1.0,98,6.0,2411.0,20190301,0,1,0,1,0,0,0
-15.63679,0,1,0,0,0,2019,25.0,109,6.0,2548.0,20190315,0,0,0,1,1,0,1
13.244027,0,0,1,0,0,2019,2.5,103,5.5,613.0,20190614,0,0,1,0,0,0,1
154.694724,0,0,0,1,0,2019,40.0,122,8.7,3079.0,20190920,0,1,0,0,0,0,0
27.035587,0,0,1,0,0,2019,17.0,125,6.7,2059.0,20191101,0,1,0,0,1,0,0
3.108017,0,0,1,0,0,2019,20.0,126,7.6,4.0,20191206,0,1,0,0,0,0,0
-11.032469,0,1,0,0,0,2019,20.0,112,6.8,2301.649025,20190510,0,1,0,0,0,0,0
50.797392,0,0,1,0,0,2019,6.0,95,6.9,2855.0,20190821,0,0,1,1,1,0,0
72.882559,0,0,1,0,0,2019,14.0,108,7.9,5.0,20191108,0,1,1,0,0,0,0
2.599159,0,0,1,0,0,2019,60.0,116,6.2,2630.0,20190208,0,1,1,1,1,0,0
54.781999,0,0,1,0,0,2019,20.0,109,4.7,2442.0,20190301,0,1,1,0,0,0,0
85.554209,0,0,1,0,0,2019,7.0,116,7.2,2803.0,20190315,0,1,0,0,0,0,0
3.95648,0,0,1,0,0,2019,50.0,121,5.3,3028.0,20190412,0,0,0,0,1,1,1
13.624424,0,0,1,0,0,2019,40.0,124,6.8,3230.0,20190503,0,0,1,0,0,0,0
2.825218,0,0,1,0,0,2019,30.0,119,6.6,2301.649025,20190621,0,0,0,1,1,0,0
67.60736,0,0,1,0,0,2019,28.0,108,6.2,3135.0,20190809,0,0,0,0,0,1,0
93.365452,0,0,0,1,0,2019,40.0,121,6.4,3286.0,20190823,0,0,0,1,1,0,0
41.419352,0,0,1,0,0,2019,50.0,89,6.1,3618.0,20190920,0,0,0,1,1,0,0
5.601127,0,0,1,0,0,2019,5.0,84,6.0,2332.0,20191011,0,0,1,0,0,0,1
26.829063,0,0,1,0,0,2019,100.0,138,6.7,2301.649025,20191108,0,1,0,0,1,0,0
272.952178,0,0,0,0,1,2019,40.0,130,7.9,3461.0,20191127,0,1,1,1,0,0,0
29.404394,0,0,1,0,0,2019,32.0,109,6.8,4.0,20191220,0,1,0,0,0,0,0
-69.496911,1,0,0,0,0,2019,111.0,108,7.1,4.0,20190222,0,1,1,0,0,0,0
3.125518,0,0,1,0,0,2019,9.0,93,8.1,120.0,20190301,0,0,0,0,0,0,0
-0.732192,0,1,0,0,0,2019,5.0,95,5.5,1100.0,20190329,0,0,1,0,0,0,0
16.413145,0,0,1,0,0,2019,6.0,92,5.9,2530.0,20190208,0,0,0,1,0,0,0
0.288136,0,1,0,0,0,2019,5.0,107,6.4,922.0,20190830,0,1,0,1,0,0,1
49.911903,0,0,1,0,0,2019,20.0,117,6.447046414,2912.0,20190208,0,0,1,0,0,0,0
15.112118,0,0,1,0,0,2019,100.0,85,5.8,3838.0,20190315,0,1,1,0,0,1,0
151.13702,0,0,0,1,0,2019,41.0,121,7.3,3610.0,20190531,0,1,0,0,0,0,0
74.772742,0,0,1,0,0,2019,17.0,87,6.1,3170.0,20190712,0,0,0,1,1,1,0
71.597108,0,0,1,0,0,2019,49.0,102,6.1,3735.0,20190809,0,0,1,0,1,1,0
26.623705,0,0,1,0,0,2019,140.0,117,5.7,3642.0,20191011,0,0,0,1,1,0,1
65.372367,0,0,1,0,0,2019,185.0,128,6.2,4086.0,20191101,0,0,0,0,1,1,1
31.349503,0,0,1,0,0,2019,29.9,96,5.9,3125.0,20191108,0,1,0,0,0,0,0
15.294302,0,0,1,0,0,2019,6.0,106,5.5,1059.0,20190329,0,1,0,0,0,0,0
4.92442,0,0,1,0,0,2019,1.5,101,5.9,853.0,20190222,0,1,0,0,0,0,0
17.000203,0,0,1,0,0,2019,6.2,98,7.6,17.0,20190823,0,1,1,0,0,1,0
35.481469,0,0,1,0,0,2019,10.0,118,6.8,461.0,20191004,0,1,0,0,0,0,0
-105.289493,1,0,0,0,0,2019,110.0,105,5.6,1.0,20191018,0,0,1,0,1,1,0
146.615727,0,0,0,1,0,2019,9.0,100,6.4,2717.0,20190104,0,0,0,1,1,1,1
63.152505,0,0,1,0,0,2019,18.0,96,6.7,3090.0,20190111,0,1,0,0,0,1,0
-0.035368,0,1,0,0,0,2019,15.4,104,5.8,2301.649025,20190201,0,1,0,1,1,0,0
32.597401,0,0,1,0,0,2019,8.0,102,5.6,1.0,20190503,0,0,0,1,0,0,0
26.183642,0,0,1,0,0,2019,7.0,90,6.1,2607.0,20190524,0,1,0,0,0,0,1
143.020464,0,0,0,1,0,2019,110.0,115,5.6,4224.0,20190614,0,0,1,0,1,1,1
972.532832,0,0,0,0,1,2019,160.0,129,6.447046414,2301.649025,20190627,0,1,0,0,0,0,0
87.491897,0,0,0,1,0,2019,65.0,97,6.4,3932.0,20190814,0,0,1,0,1,1,0
33.102988,0,0,1,0,0,2019,5.0,119,6.6,1723.0,20190823,0,1,0,0,0,0,0
77.213018,0,0,1,0,0,2019,48.0,99,6.7,3468.0,20191018,0,0,1,0,1,0,0
10.730144,0,0,1,0,0,2019,12.0,108,6.4,2062.0,20191025,0,0,0,1,1,0,0
23.550222,0,0,1,0,0,2019,45.0,109,7.2,3235.0,20191122,0,1,0,0,0,0,0
673.3329,0,0,0,0,1,2019,125.0,123,6.7,4227.0,20191213,0,0,1,0,1,1,0
88.31844,0,0,0,1,0,2019,37.5,126,7.0,3080.0,20190111,0,1,1,0,0,0,0
0.268749,0,1,0,0,0,2019,10.0,133,7.3,1705.0,20190405,0,1,0,0,0,0,0
-16.636854,0,1,0,0,0,2019,45.0,87,5.1,3652.0,20190503,0,0,1,0,0,1,0
6.463241,0,0,1,0,0,2019,10.0,80,6.1,2750.0,20190510,0,1,1,0,0,0,0
129.772713,0,0,0,1,0,2019,20.7,110,6.3,3250.0,20190913,0,1,1,0,0,0,0
35.678964,0,0,1,0,0,2019,6.5,90,5.4,2301.649025,20191025,0,0,0,1,0,0,0
9.66346,0,0,1,0,0,2019,33.0,100,6.6,2665.0,20191122,0,1,0,1,1,1,0
-76.909798,1,0,0,0,0,2019,102.3,94,6.7,3413.0,20190412,0,0,1,0,0,1,0
76.409779,0,0,1,0,0,2019,21.0,94,5.4,2301.649025,20190510,0,0,1,0,0,0,0
18.94977,0,0,1,0,0,2019,6.0,105,7.1,2505.0,20190524,0,0,1,0,0,0,0
-9.159368,0,1,0,0,0,2019,20.0,109,6.5,2404.0,20190816,0,1,1,0,0,0,0
226.999039,0,0,0,0,1,2019,20.0,129,6.6,3841.0,20190118,0,1,0,1,0,0,1
55.686515,0,0,1,0,0,2019,9.0,100,6.447046414,3207.0,20190205,0,0,0,0,0,0,0
392.214344,0,0,0,0,1,2019,129.0,104,7.4,4259.0,20190222,0,1,1,0,1,1,0
29.207917,0,0,1,0,0,2019,20.0,109,7.8,2667.0,20191225,0,1,0,0,0,0,0
62.870908,0,0,1,0,0,2019,16.0,109,7.4,3267.0,20190517,0,1,1,0,0,1,0
128.754454,0,0,0,1,0,2019,26.0,116,6.8,2603.0,20190628,0,0,1,0,0,0,0
560.381706,0,0,0,0,1,2019,200.0,137,6.5,2301.649025,20190802,0,0,0,1,1,1,0
91.173598,0,0,0,1,0,2019,20.0,90,6.7,3204.0,20190816,0,0,1,0,0,1,0
113.66024,0,0,0,1,0,2019,75.0,97,7.0,1.0,20190927,0,0,1,0,0,1,0
93.446172,0,0,0,1,0,2019,30.0,103,6.5,3448.0,20191108,0,1,1,0,0,0,0
27.936399,0,0,1,0,0,2019,20.0,132,7.1,2301.649025,20191127,0,1,0,0,0,0,0
-24.513649,0,1,0,0,0,2019,100.0,110,2.8,2301.649025,20191220,0,1,1,0,0,0,0
270.603379,0,0,0,0,1,2019,100.0,119,6.447046414,11.0,20191225,0,1,0,0,0,0,0
954.727388,0,0,0,0,1,2019,175.0,124,6.8,4310.0,20190308,0,0,0,0,1,1,1
183.166307,0,0,0,1,0,2019,170.0,112,6.3,2301.649025,20190329,0,0,0,0,0,1,0
2397.800564,0,0,0,0,1,2019,400.0,181,8.4,4662.0,20190426,0,1,0,0,1,1,1
864.649706,0,0,0,0,1,2019,182.0,128,6.9,2.0,20190524,0,0,1,0,0,1,0
873.080329,0,0,0,0,1,2019,200.0,110,7.7,4575.0,20190621,0,0,1,0,0,1,0
304.346495,0,0,0,0,1,2019,185.0,119,6.6,3790.0,20191018,0,0,0,0,0,1,0
1295.18228,0,0,0,0,1,2019,150.0,103,6.8,4440.0,20191122,0,1,1,0,0,1,0
797.848487,0,0,0,0,1,2019,275.0,142,6.4,4406.0,20191220,0,0,0,0,1,1,1
91.131036,0,0,0,1,0,2019,99.0,107,6.5,4303.0,20190208,0,0,1,0,1,1,1
278.664533,0,0,0,0,1,2019,85.0,132,7.0,4217.0,20190405,0,0,1,0,1,1,0
114.133739,0,0,0,1,0,2019,9.0,93,5.3,3372.0,20190419,0,0,0,1,0,0,0
281.344168,0,0,0,0,1,2019,150.0,104,6.5,4202.0,20190510,0,0,1,0,1,1,1
-3.319204,0,1,0,0,0,2019,9.0,100,5.9,2073.0,20190517,0,1,0,0,0,0,0
213.299915,0,0,0,0,1,2019,170.0,132,6.0,2301.649025,20190531,0,0,0,0,1,1,1
204.252591,0,0,0,1,0,2019,27.0,106,5.9,3613.0,20190626,0,0,0,1,0,0,0
399.566806,0,0,0,0,1,2019,70.0,169,6.5,4570.0,20190906,0,1,0,0,0,0,0
-30.569851,0,1,0,0,0,2019,40.0,149,6.4,2542.0,20190913,0,1,0,0,0,0,0
-7.522264,0,1,0,0,0,2019,26.0,144,6.8,1342.0,20191101,0,1,0,0,0,0,0
26.856239,0,0,1,0,0,2019,45.0,152,7.3,3855.0,20191108,0,1,0,1,0,0,0
23.216217,0,0,1,0,0,2019,10.0,109,6.7,2439.0,20191115,0,1,0,1,0,0,0
-1.89943,0,1,0,0,0,2019,45.0,129,7.5,2502.0,20191213,0,1,0,0,0,0,0
25.401502,0,0,1,0,0,2019,25.0,137,7.6,4.0,20200110,0,1,0,0,0,0,0
17.791187,0,0,1,0,0,2019,31.0,89,5.9,3444.0,20190213,0,0,1,0,0,0,0
-8.639785,0,1,0,0,0,2019,30.0,112,6.0,2337.0,20000616,0,0,0,1,1,0,0
2.229719,0,0,1,0,0,2020,38.0,94,5.6,2301.649025,20201009,0,1,1,0,0,0,0
-25.805736,0,1,0,0,0,2020,65.0,95,5.9,2791.0,20200110,0,0,0,1,1,0,1
-17.639064,0,1,0,0,0,2020,125.0,100,6.7,2301.649025,20200221,0,1,0,0,0,1,0
-22.38772,0,1,0,0,0,2020,67.0,94,5.3,2412.0,20200828,0,0,0,0,1,0,1
-12.03032,0,1,0,0,0,2020,16.0,137,6.2,2301.649025,20201023,0,1,0,1,0,0,0
13.479242,0,0,0,1,0,2020,2.0,115,7.4,2301.649025,20210212,1,1,0,0,0,0,0
3.624174,0,0,1,0,0,2020,9.0,96,5.8,2301.649025,20201030,0,1,0,1,0,0,0
16.447347,0,0,1,0,0,2020,10.0,124,6.7,5.0,20200306,0,1,1,0,0,0,0
2.773008,0,0,1,0,0,2020,8.0,114,6.7,2301.649025,20201106,0,1,0,1,0,0,0
13.856015,0,0,1,0,0,2020,5.0,113,6.447046414,1310.0,20201225,0,1,0,0,0,0,0
-13.650716,0,1,0,0,0,2020,15.0,100,6.3,2301.649025,20201016,0,1,0,0,0,0,0
-8.035203,0,1,0,0,0,2020,8.9,128,4.9,2301.649025,20200821,0,1,0,1,1,0,0
4.373474,0,0,1,0,0,2020,12.0,116,6.5,2301.649025,20200313,0,1,0,0,0,0,0
-3.255462,0,1,0,0,0,2020,30.0,99,6.0,2425.0,20201016,0,0,0,1,1,0,0
23.354758,0,0,1,0,0,2020,20.0,107,5.0,2301.649025,20201023,0,1,0,0,0,0,0
-2.432098,0,1,0,0,0,2020,29.0,83,4.7,3078.0,20200110,0,0,1,0,0,0,0
-44.016957,1,0,0,0,0,2020,50.0,109,5.4,2301.649025,20200131,0,1,0,1,1,0,0
213.978743,0,0,0,0,1,2020,90.0,99,6.5,4167.0,20200214,0,0,1,0,1,1,1
-55.18921,1,0,0,0,0,2020,60.0,91,5.9,2301.649025,20210304,0,0,1,0,0,1,0
-28.868317,0,1,0,0,0,2020,30.0,109,6.9,387.0,20201016,0,0,1,0,1,1,1
-28.690029,0,1,0,0,0,2020,30.0,95,4.8,2301.649025,20200807,0,1,0,1,1,0,0
-16.678889,0,1,0,0,0,2020,20.0,110,6.8,614.0,20200124,0,1,0,0,0,0,0
-6.182647,0,1,0,0,0,2020,9.3,111,7.2,2301.649025,20200821,0,1,0,0,0,0,0
2.660072,0,0,1,0,0,2020,6.5,86,4.9,2301.0,20200214,0,1,1,0,0,0,0
-2.388729,0,1,0,0,0,2020,15.6,119,6.4,2301.649025,20200828,0,1,1,0,0,0,0
4.321536,0,0,1,0,0,2020,33.0,93,6.0,299.0,20200821,0,0,0,1,1,0,0
334.536881,0,0,0,0,1,2020,90.0,124,6.5,2301.649025,20200117,0,0,1,1,1,0,0
41.579801,0,0,1,0,0,2020,7.0,109,6.6,2784.0,20200214,0,0,0,0,0,1,0
-7.678919,0,1,0,0,0,2020,45.0,109,5.7,2861.0,20200313,0,0,0,0,1,1,1
-3.22004,0,1,0,0,0,2020,8.0,108,6.3,2301.649025,20200911,0,0,1,0,0,0,0
-15.541779,0,1,0,0,0,2020,60.0,103,5.2,1736.0,20201218,0,0,0,0,1,1,0
-4.569018,0,1,0,0,0,2020,6.0,104,5.8,2301.649025,20200228,0,1,1,0,0,0,0
-8.114776,0,1,0,0,0,2020,9.0,118,6.7,912.0,20201120,0,1,0,0,0,0,0
91.876604,0,0,0,1,0,2020,22.0,113,6.447046414,2165.0,20200124,0,0,1,0,1,0,0
8.976477,0,0,1,0,0,2020,10.0,86,4.7,2301.649025,20200221,0,1,0,1,0,0,0
7.466091,0,0,1,0,0,2020,3.0,93,5.8,357.0,20200228,0,0,1,0,0,0,0
17.059211,0,0,1,0,0,2020,5.0,87,5.5,3007.0,20200131,0,0,0,1,0,0,0
-18.733391,0,1,0,0,0,2020,25.0,91,5.9,2301.649025,20200828,0,0,1,0,0,1,1
76.410631,0,0,1,0,0,2020,175.0,101,5.6,2301.649025,20200117,0,0,1,0,0,1,0
6.460739,0,0,1,0,0,2020,12.0,94,3.9,2301.649025,20200124,0,1,0,0,0,0,0
5.704381,0,0,1,0,0,2020,15.0,106,6.1,2301.649025,20200214,0,1,0,0,0,0,0
131.996774,0,0,0,1,0,2020,7.0,124,7.1,3610.0,20200228,0,1,0,1,0,0,1
-5.799021,0,1,0,0,0,2020,18.2,90,6.5,2301.649025,20200313,0,0,0,1,1,0,0
10.244416,0,0,1,0,0,2020,6.0,101,6.3,2472.0,20201113,0,0,1,1,0,0,0
149.877172,0,0,0,1,0,2020,65.0,95,6.9,2301.649025,20201125,0,0,1,0,0,1,0
-22.984528,0,1,0,0,0,2020,25.0,91,6.3,970.0,20201204,0,1,0,0,0,0,0
-25.331675,0,1,0,0,0,2020,38.0,118,6.8,2301.649025,20201225,0,1,0,0,0,1,0
-66.68297,1,0,0,0,0,2020,200.0,102,7.4,4310.0,20200306,0,0,1,0,0,1,1
157.450957,0,0,0,1,0,2020,205.0,150,7.3,2301.649025,20200903,0,0,0,1,1,0,1
119.85214,0,0,0,1,0,2020,82.0,109,6.1,4236.0,20200207,0,0,1,0,1,0,0
-33.639768,0,1,0,0,0,2020,200.0,151,5.4,2151.0,20201225,0,0,0,0,1,1,0
21.1253,0,0,1,0,0,2021,100.0,131,6.3,3180.0,20211222,0,0,0,1,1,1,0
-24.988743,0,1,0,0,0,2021,100.0,156,7.1,2301.649025,20211210,0,1,0,0,0,0,0
223.496495,0,0,0,0,1,2021,100.0,115,7.1,4165.0,20210813,0,0,1,0,1,1,1
-69.944767,1,0,0,0,0,2021,100.0,153,7.4,2301.649025,20211015,0,1,0,1,1,0,0
-0.001006,0,1,0,0,0,2021,5.0,90,6.5,1468.0,20210630,1,1,1,0,0,0,0
3.86996,0,0,1,0,0,2021,15.0,130,6.6,2301.649025,20210730,1,1,0,0,0,1,0
-5.018137,1,0,0,0,0,2021,8.3,108,7.4,5.0,20211124,1,1,0,0,0,0,0
0.570226,0,1,0,0,0,2021,1.1,128,7.1,2301.649025,20211224,1,1,1,0,0,0,0
0.324771,0,1,0,0,0,2021,0.2,105,7.1,2301.649025,20220114,1,1,0,1,0,0,0
0.163362,0,1,0,0,0,2021,3.0,100,5.9,2301.649025,20210402,0,1,0,0,0,0,0
-13.469932,0,1,0,0,0,2021,20.0,113,6.9,1254.0,20210521,0,1,1,0,0,0,0
-0.461795,0,1,0,0,0,2021,2.3,105,5.7,2301.649025,20210214,0,1,0,1,0,0,0
0.2403,0,1,0,0,0,2021,1.0,140,7.7,534.0,20210618,0,0,1,0,0,0,0
-2.756985,0,1,0,0,0,2021,20.0,140,6.6,2301.649025,20210730,0,1,0,1,0,0,0
2.170075,0,0,1,0,0,2021,1.0,89,6.5,1231.0,20240216,0,0,0,1,1,0,0
-20.118275,0,1,0,0,0,2021,43.0,116,7.0,2301.649025,20211029,0,1,0,1,0,0,0
-9.285745,0,1,0,0,0,2021,10.0,124,7.3,543.0,20210129,0,1,0,0,0,0,0
-2.682908,0,1,0,0,0,2021,5.0,100,6.3,2301.649025,20210611,0,1,1,0,0,0,0
-24.86887,0,1,0,0,0,2021,29.0,108,5.5,1972.0,20210409,0,0,0,1,0,1,1
19.522047,0,0,1,0,0,2021,20.0,93,5.2,2301.649025,20210514,0,0,0,1,0,0,0
-2.605445,0,1,0,0,0,2021,70.0,100,6.1,2301.649025,20210616,0,0,1,1,1,0,0
1.514814,0,1,0,0,0,2021,25.0,112,7.1,2813.0,20211225,0,1,0,0,0,0,0
-72.92434,1,0,0,0,0,2021,100.0,109,5.7,2301.649025,20210305,0,0,0,0,1,1,1
0.854879,0,1,0,0,0,2021,3.0,92,6.9,2301.649025,20210716,0,1,0,0,0,0,0
-101.452121,1,0,0,0,0,2021,118.0,117,6.6,2301.649025,20211105,0,1,0,0,0,0,0
-1.802726,0,1,0,0,0,2021,23.0,108,5.7,1975.0,20210115,0,1,0,1,1,0,0
235.667589,0,0,0,0,1,2021,61.0,97,7.2,2301.649025,20210528,0,1,0,1,0,0,1
-47.935675,1,0,0,0,0,2021,88.0,121,5.4,3521.0,20210723,0,0,0,1,1,1,1
14.000755,0,0,1,0,0,2021,64.0,96,5.9,3700.0,20211110,0,0,1,0,0,1,0
2.001227,0,0,1,0,0,2021,24.0,111,7.2,2301.649025,20210319,0,1,0,1,0,0,0
-22.461993,0,1,0,0,0,2021,60.0,150,7.0,2301.649025,20211217,0,1,0,1,0,0,0
33.729845,0,0,1,0,0,2021,5.0,108,7.3,2301.649025,20210219,0,1,0,0,0,0,0
20.612774,0,0,1,0,0,2021,25.0,108,7.1,2301.649025,20211022,0,1,1,0,0,0,0
20.831182,0,0,1,0,0,2021,10.0,99,5.1,2301.649025,20210402,0,1,0,1,0,0,0
38.48422,0,0,1,0,0,2021,15.0,88,5.7,2815.0,20210716,0,0,0,1,1,1,1
391.600379,0,0,0,0,1,2021,110.0,97,5.9,2301.649025,20211001,0,0,0,1,1,0,1
-2.030565,0,1,0,0,0,2021,2.3,105,6.1,816.0,20211029,0,1,0,0,0,0,0
129.334455,0,0,0,1,0,2021,75.0,124,7.1,2301.649025,20211119,0,0,1,0,0,1,1
1686.306016,0,0,0,0,1,2021,200.0,148,6.447046414,2301.649025,20211214,0,0,0,0,0,0,0
107.654652,0,0,0,1,0,2021,45.0,93,6.2,2301.649025,20210611,0,1,1,0,0,1,0
32.206987,0,0,1,0,0,2021,15.0,99,6.0,3005.0,20210813,0,0,0,1,1,0,0
16.85134,0,0,1,0,0,2021,25.0,107,5.2,2301.649025,20211124,0,0,0,0,1,0,1
-18.531469,0,1,0,0,0,2021,25.0,131,6.0,2301.649025,20211225,0,1,0,0,0,0,0
-8.524512,0,1,0,0,0,2021,9.0,116,5.7,1197.0,20211210,0,1,0,0,0,0,0
63.966489,0,0,1,0,0,2021,40.0,119,7.1,2301.649025,20210507,0,0,0,1,1,0,0
510.839661,0,0,0,0,1,2021,250.0,163,7.3,4407.0,20211008,0,0,0,1,1,1,0
73.070891,0,0,1,0,0,2021,75.0,158,6.6,2301.649025,20211124,0,1,0,0,0,0,0
-7.481345,0,1,0,0,0,2021,40.0,133,7.1,4.0,20211225,0,1,1,0,0,0,0
-22.117177,0,1,0,0,0,2021,55.0,145,6.6,2301.649025,20210813,0,1,0,0,0,0,0
72.664632,0,0,1,0,0,2021,47.0,93,5.4,4207.0,20211001,0,0,1,0,0,1,0
-24.007657,0,1,0,0,0,2021,30.0,124,6.4,2301.649025,20220225,0,1,0,0,0,0,0
521.077945,0,0,0,0,1,2021,200.0,143,5.2,4179.0,20210625,0,0,0,1,1,0,0
64.616294,0,0,1,0,0,2021,82.0,107,5.9,2301.649025,20210702,0,0,1,0,0,1,0
72.135949,0,0,1,0,0,2021,18.0,108,5.8,3355.0,20210723,0,1,0,1,0,0,0
-9.490379,0,1,0,0,0,2021,27.0,137,6.1,2301.649025,20210924,0,1,0,0,0,0,0
12.24066,0,0,1,0,0,2021,30.0,85,5.5,3211.0,20210604,0,0,1,0,0,1,0
110.854215,0,0,0,1,0,2021,20.0,105,5.5,2301.649025,20211015,0,0,0,1,1,0,0
41.510518,0,0,1,0,0,2021,16.0,92,7.4,2301.649025,20210326,0,1,0,1,1,0,0
58.994245,0,0,1,0,0,2021,18.0,103,5.4,2301.649025,20210702,0,0,0,1,1,0,0
52.395789,0,0,1,0,0,2021,25.0,91,5.9,1251.0,20210827,0,0,0,1,0,0,0
317.904663,0,0,0,0,1,2021,85.0,110,7.4,2301.649025,20211222,0,0,1,0,0,1,0
126.89247,0,0,0,1,0,2021,100.0,134,7.3,3892.0,20210528,0,1,1,0,0,1,0
282.243292,0,0,0,0,1,2021,150.0,132,7.4,2301.649025,20210903,0,0,0,0,1,1,1
16.782367,0,0,1,0,0,2021,100.0,107,7.3,2045.0,20210305,0,1,1,0,1,1,0
179.751655,0,0,0,1,0,2021,200.0,134,6.7,2301.649025,20210709,0,0,0,0,1,1,1
10.384144,0,0,1,0,0,2021,200.0,128,6.6,4310.0,20210730,0,0,1,0,1,1,0
202.064929,0,0,0,1,0,2021,200.0,156,6.3,2301.649025,20211105,0,0,0,0,1,1,1
80.816429,0,0,1,0,0,2021,150.0,109,7.2,3980.0,20211124,0,0,1,0,0,0,0
82.545984,0,0,1,0,0,2021,50.0,101,5.3,2301.649025,20210226,0,0,1,0,0,1,0
313.064628,0,0,0,0,1,2021,155.0,113,6.3,3064.0,20210331,0,0,0,1,1,0,1
28.508369,0,0,1,0,0,2021,55.0,110,6.0,2301.649025,20210423,0,0,0,1,1,1,1
-2.398369,0,1,0,0,0,2021,20.0,100,6.0,2301.649025,20210514,0,1,0,1,1,0,0
160.271845,0,0,0,1,0,2021,40.0,112,6.3,3102.0,20210604,0,0,0,1,0,0,0
-11.320172,0,1,0,0,0,2021,55.0,143,7.3,2301.649025,20210611,0,1,0,0,0,0,0
-5.996251,0,1,0,0,0,2021,150.0,115,4.5,3965.0,20210715,0,0,1,0,0,1,1
-17.879768,0,1,0,0,0,2021,185.0,132,7.2,2301.649025,20210805,0,0,1,0,1,1,1
-52.548992,1,0,0,0,0,2021,68.0,116,5.9,3265.0,20210820,0,0,0,1,0,0,1
-6.013717,0,1,0,0,0,2021,40.0,111,6.2,2301.649025,20210910,0,0,0,0,0,0,0
-18.290938,0,1,0,0,0,2021,33.0,104,5.7,3967.0,20210917,0,1,0,0,0,0,0
-37.267961,1,0,0,0,0,2021,50.0,120,6.3,2301.649025,20211001,0,1,0,0,0,0,0
233.24992,0,0,0,0,1,2021,165.0,156,8.0,915.0,20211022,0,1,0,0,1,1,1
-11.994439,0,1,0,0,0,2021,50.0,144,7.5,2301.649025,20211119,0,1,0,0,0,0,0
-33.532183,0,1,0,0,0,2021,190.0,148,5.7,3552.0,20211222,0,0,0,0,1,0,1
-18.94172,0,1,0,0,0,2021,26.0,126,7.4,2301.649025,20210212,0,1,0,0,0,0,0
-0.264778,0,1,0,0,0,2021,30.0,128,6.3,2171.0,20210129,0,1,0,1,0,0,0
47.307235,0,0,1,0,0,2022,90.0,127,6.3,2301.649025,20220211,0,1,0,0,0,0,0
1920.250281,0,0,0,0,1,2022,400.0,192,7.6,4202.0,20221216,0,0,0,0,1,1,1
116.140735,0,0,0,0,1,2022,25.0,139,7.8,2301.649025,20220408,1,0,1,0,1,1,1
-19.270146,1,0,0,0,0,2022,20.0,96,6.7,24.0,20220304,1,1,0,0,0,0,1
8.747742,0,0,1,0,0,2022,1.0,103,7.0,2301.649025,20220916,1,1,0,1,0,0,0
51.883206,0,0,0,0,1,2022,3.0,117,7.7,2.0,20221221,1,1,0,0,0,0,0
-20.36689,0,1,0,0,0,2022,90.0,137,6.447046414,2301.649025,20220413,0,1,0,0,0,0,0
52.651384,0,0,1,0,0,2022,40.0,124,7.4,3820.0,20220520,0,1,0,0,0,0,0
70.563999,0,0,1,0,0,2022,10.0,96,6.8,2301.649025,20220204,0,0,1,0,1,0,0
113.743924,0,0,0,1,0,2022,24.0,114,6.3,1413.0,20220114,0,0,0,1,0,0,0
124.907684,0,0,0,1,0,2022,68.0,112,6.447046414,2301.649025,20220325,0,1,0,0,0,0,0
200.408513,0,0,0,1,0,2022,17.0,115,6.5,2301.649025,20220930,0,0,0,1,0,0,0
1325.696292,0,0,0,0,1,2022,170.0,130,8.2,2301.649025,20220527,0,1,0,0,1,0,0
49.6282,0,0,1,0,0,2022,30.0,107,7.2,3211.0,20221118,0,0,1,1,0,0,0
43.279806,0,0,1,0,0,2022,50.0,135,6.9,2301.649025,20220916,0,1,0,0,1,0,0
60.979946,0,0,1,0,0,2022,50.0,106,6.1,4350.0,20221007,0,0,1,0,0,1,0
63.098822,0,0,1,0,0,2022,50.0,126,7.5,2301.649025,20230113,0,1,1,0,0,0,0
120.353965,0,0,0,1,0,2022,24.0,125,7.2,3650.0,20220715,0,1,0,1,0,0,0
92.460961,0,0,0,1,0,2022,75.0,104,5.2,2301.649025,20220401,0,0,0,1,1,1,1
149.268602,0,0,0,1,0,2022,90.0,127,7.3,4357.0,20220805,0,0,1,1,1,0,0
287.141258,0,0,0,0,1,2022,120.0,116,6.3,2301.649025,20220218,0,0,0,0,1,1,0
69.774243,0,0,1,0,0,2022,15.0,101,6.5,3677.0,20220218,0,1,1,0,0,0,0
84.361355,0,0,1,0,0,2022,20.0,111,5.0,2301.649025,20221014,0,1,0,1,0,0,0
108.767214,0,0,0,1,0,2022,60.0,104,6.1,3543.0,20221021,0,0,1,0,0,0,0
103.235592,0,0,0,1,0,2022,68.0,130,6.8,2301.649025,20220722,0,0,0,1,0,0,1
167.968621,0,0,0,1,0,2022,12.0,102,6.4,3509.0,20230106,0,0,0,1,0,0,1
816.97808,0,0,0,0,1,2022,185.0,147,5.6,4676.0,20220610,0,0,0,1,1,1,1
510.928081,0,0,0,0,1,2022,250.0,118,6.2,2301.649025,20220708,0,0,1,0,1,1,1
609.208836,0,0,0,0,1,2022,250.0,161,6.7,4396.0,20221111,0,1,0,0,1,1,1
660.755804,0,0,0,0,1,2022,295.0,126,6.9,2301.649025,20220506,0,0,0,0,1,1,1
202.740048,0,0,0,1,0,2022,85.0,159,7.3,2301.649025,20220624,0,1,0,0,0,0,0
193.252111,0,0,0,1,0,2022,200.0,125,6.2,2301.649025,20221021,0,0,0,0,1,1,1
207.150844,0,0,0,0,1,2022,200.0,142,6.2,4208.0,20220415,0,0,0,0,0,1,0
570.962583,0,0,0,0,1,2022,200.0,176,7.8,2301.649025,20220304,0,1,0,1,1,0,0
83.159005,0,0,1,0,0,2023,12.0,102,6.4,3628.0,20230106,0,0,0,1,0,0,1
-4.234782,0,1,0,0,0,2023,5.0,111,4.5,925.0,20230113,0,0,0,1,0,0,1
7.111181,0,0,1,0,0,2023,25.0,107,6.5,3060.0,20230113,0,0,0,1,1,1,0
6.502247,0,0,1,0,0,2023,2.5,100,4.4,1400.0,20230113,0,0,1,0,0,0,0
25.502025,0,0,1,0,0,2023,7.0,111,7.1,3025.0,20230120,0,1,0,1,0,0,0
-6.206278,0,1,0,0,0,2023,7.5,95,5.0,465.0,20230127,0,0,1,0,0,0,0
15.39798,0,0,1,0,0,2023,20.0,100,6.1,3657.0,20230203,0,0,0,1,0,0,0
11.330588,0,0,1,0,0,2023,28.0,98,5.8,3939.0,20230203,0,1,1,0,0,0,0
-13.994844,0,1,0,0,0,2023,40.0,112,5.2,3034.0,20230210,0,1,1,0,0,0,0
14.504909,0,0,1,0,0,2023,200.0,124,6.1,4345.0,20230217,0,0,1,0,1,1,1
29.67024,0,0,1,0,0,2023,35.0,95,5.9,3571.0,20230224,0,0,1,1,0,0,0
37.102987,0,0,1,0,0,2023,15.0,119,7.1,2575.0,20230425,0,1,0,0,0,0,0
81.248615,0,0,1,0,0,2023,75.0,116,6.7,4007.0,20230303,0,1,0,0,1,0,0
-43.503875,1,0,0,0,0,2023,50.0,114,6.3,2168.0,20230303,0,0,1,1,1,0,0
73.161389,0,0,1,0,0,2023,35.0,122,6.5,3676.0,20230310,0,0,0,1,0,0,0
-12.937096,0,1,0,0,0,2023,45.0,93,5.4,3405.0,20230310,0,1,0,1,1,1,1
11.497335,0,0,1,0,0,2023,4.9,124,6.8,3039.0,20230310,0,1,1,0,0,0,0
-67.361994,1,0,0,0,0,2023,125.0,130,5.9,4071.0,20230317,0,0,1,0,1,1,0
-34.863168,1,0,0,0,0,2023,37.0,85,5.9,794.0,20230317,0,0,1,0,0,0,0
87.131806,0,0,0,1,0,2023,100.0,169,7.7,3855.0,20230324,0,0,0,1,1,0,0
-56.722974,1,0,0,0,0,2023,150.0,134,7.2,3856.0,20230331,0,0,1,0,1,1,0
474.93433,0,0,0,0,1,2023,100.0,92,7.0,4371.0,20230405,0,0,1,0,0,1,0
-37.539894,1,0,0,0,0,2023,90.0,112,7.5,3507.0,20230404,0,1,0,0,0,0,0
-47.702105,1,0,0,0,0,2023,65.0,93,6.4,3378.0,20230414,0,0,1,0,0,0,0
-26.823438,1,0,0,0,0,2023,35.0,179,6.7,2125.0,20230421,1,1,1,0,0,0,0
2.00938,0,0,1,0,0,2023,18.0,103,6.1,3178.0,20230414,0,0,0,1,0,0,0
-37.503239,1,0,0,0,0,2023,41.0,101,5.4,2002.0,20230414,0,0,1,0,1,0,0
55.233054,0,0,1,0,0,2023,12.0,96,6.5,3417.0,20230421,0,0,0,0,0,0,0
-42.458841,1,0,0,0,0,2023,46.0,108,6.5,1281.0,20230421,0,1,0,0,0,0,0
-9.627594,0,1,0,0,0,2023,30.0,106,7.4,3343.0,20230428,0,1,1,0,0,0,0
-26.573228,0,1,0,0,0,2023,32.0,129,6.6,3054.0,20230428,0,1,0,0,0,0,0
0.765622,0,1,0,0,0,2023,6.5,91,6.9,1006.0,20230428,0,0,0,0,1,0,0
108.995815,0,0,0,1,0,2023,250.0,150,7.9,4450.0,20230505,0,0,1,0,1,1,1
-2.769163,0,1,0,0,0,2023,9.0,104,5.9,2703.0,20230505,0,1,1,0,0,0,0
-2.418435,0,1,0,0,0,2023,20.0,107,5.6,3513.0,20230512,0,0,1,0,0,0,0
-65.499831,1,0,0,0,0,2023,70.0,93,5.5,2118.0,20230512,0,1,0,1,1,0,1
-58.909845,1,0,0,0,0,2023,60.0,112,4.4,588.0,20230512,0,1,0,0,1,1,1
-193.873985,1,0,0,0,0,2023,340.0,141,5.8,4088.0,20230519,0,0,0,1,1,1,0
48.172056,0,0,1,0,0,2023,250.0,135,7.2,4320.0,20230526,0,0,0,0,0,1,0
-32.910609,0,1,0,0,0,2023,45.0,90,5.7,2464.0,20230526,0,0,1,0,0,0,0
-65.186868,1,0,0,0,0,2023,70.0,119,6.1,2105.0,20230526,0,0,0,1,1,0,0
-9.541669,0,1,0,0,0,2023,20.0,112,5.8,2409.0,20230526,0,0,1,0,1,0,0
231.311319,0,0,0,0,1,2023,150.0,140,8.6,4332.0,20230602,0,0,0,0,1,1,1
8.244282,0,0,1,0,0,2023,35.0,98,5.9,3205.0,20230602,0,0,0,1,0,0,0
9.985625,0,0,0,1,0,2023,1.2,105,7.9,906.0,20230623,1,1,0,0,0,0,0
-42.933608,1,0,0,0,0,2023,200.0,127,6.0,3680.0,20230609,0,0,0,0,1,1,1
-191.866687,1,0,0,0,0,2023,300.0,43,7.5,4256.0,20230606,0,1,0,0,1,1,1
-45.573303,1,0,0,0,0,2023,200.0,101,7.0,4035.0,20230616,0,1,1,0,0,1,0
3.153025,0,0,1,0,0,2023,25.0,105,6.5,1901.0,20230615,0,1,1,0,0,0,1
5.452282,0,0,1,0,0,2023,45.0,103,6.4,3208.0,20230623,0,0,1,0,0,0,0
-120.219532,1,0,0,0,0,2023,294.7,154,6.6,4600.0,20230630,0,0,0,0,1,1,1
169.578046,0,0,0,1,0,2023,14.6,131,7.7,3411.0,20230704,0,1,0,1,0,0,0
66.156962,0,0,1,0,0,2023,16.0,107,5.5,3188.0,20230707,0,0,0,1,0,0,0
536.238421,0,0,0,0,1,2023,100.0,114,6.9,4337.0,20230721,0,0,1,0,0,1,0
229.401405,0,0,0,0,1,2023,100.0,180,8.4,3761.0,20230721,0,1,0,0,0,0,0
-82.346713,1,0,0,0,0,2023,150.0,123,6.0,3740.0,20230728,0,1,1,0,0,0,0
48.613586,0,0,1,0,0,2023,70.0,99,7.2,3950.0,20230802,0,0,1,0,1,1,1
-46.399683,1,0,0,0,0,2023,129.0,116,5.0,3604.0,20230804,0,0,0,1,1,1,1
-31.36282,0,1,0,0,0,2023,45.0,118,6.1,2715.0,20230811,0,0,0,0,0,0,0
-31.511928,0,1,0,0,0,2023,104.0,127,6.0,3871.0,20230818,0,0,0,1,1,1,1
-15.571446,0,1,0,0,0,2023,60.0,134,7.2,3856.0,20230825,0,1,0,0,1,1,0
-13.062304,0,1,0,0,0,2023,20.0,91,5.3,1750.0,20230825,0,0,0,1,1,0,0
10.936071,0,0,1,0,0,2023,1.1,91,6.8,1265.0,20230825,0,0,1,0,0,0,0
-10.198219,0,1,0,0,0,2023,15.0,100,5.9,883.0,20230825,0,1,0,0,0,0,0
22.373751,0,0,1,0,0,2023,70.0,109,6.8,3965.0,20230901,0,0,0,1,1,0,0
48.267073,0,0,1,0,0,2023,38.0,110,5.6,3743.0,20230908,0,0,0,1,0,0,0
10.49603,0,0,1,0,0,2023,18.0,92,5.2,3678.0,20230908,0,1,1,0,0,0,0
-17.528588,0,1,0,0,0,2023,60.0,103,6.5,3305.0,20230915,0,1,0,1,0,0,0
-16.074644,0,1,0,0,0,2023,30.0,105,6.9,2837.0,20230929,0,1,1,0,0,0,0
-1.87499,0,1,0,0,0,2023,3.0,100,4.7,848.0,20230915,0,0,1,0,0,0,0
-83.289847,1,0,0,0,0,2023,100.0,103,4.8,3518.0,20230922,0,0,0,1,1,1,0
-39.225321,1,0,0,0,0,2023,80.0,133,6.8,3680.0,20230929,0,1,0,1,1,1,1
40.607898,0,0,1,0,0,2023,13.0,118,6.6,3262.0,20230929,0,0,0,1,0,0,0
35.537395,0,0,1,0,0,2023,30.0,111,4.8,3684.0,20231006,0,0,0,0,0,0,0
-10.546988,1,0,0,0,0,2023,12.0,86,5.4,635.0,20231020,1,0,1,0,0,0,0
-131.973099,1,0,0,0,0,2023,200.0,206,7.6,3786.0,20231020,0,1,0,0,0,0,0
117.27562,0,0,0,1,0,2023,20.0,109,5.5,3789.0,20231027,0,0,0,1,0,0,0
-34.685864,1,0,0,0,0,2023,40.0,108,5.5,2057.0,20231027,0,0,1,0,1,0,0
0.960939,0,0,1,0,0,2023,20.0,113,6.6,2361.0,20231103,1,1,0,0,0,0,0
7.355375,0,0,1,0,0,2023,13.0,133,8.0,1601.0,20231110,0,1,1,0,0,0,0
0.273895,0,1,0,0,0,2023,3.0,103,4.8,1492.0,20231103,0,0,1,0,0,0,0
-135.499777,1,0,0,0,0,2023,220.0,105,5.6,4030.0,20231110,0,0,0,0,1,1,0
-4.257807,1,0,0,0,0,2023,10.0,102,7.0,1578.0,20231122,1,0,1,0,0,0,0
0.820796,0,1,0,0,0,2023,6.0,99,6.4,2002.0,20231110,0,0,0,0,0,1,0
66.350594,0,0,1,0,0,2023,100.0,157,6.8,3776.0,20231117,0,1,0,1,1,1,1
16.908884,0,0,1,0,0,2023,15.0,106,6.3,3204.0,20231117,0,0,0,1,0,0,0
-7.286174,0,1,0,0,0,2023,14.0,104,6.5,2240.0,20231117,0,1,1,0,0,0,0
-8.574171,0,1,0,0,0,2023,20.0,131,7.0,1566.0,20231222,0,1,1,1,0,0,0
-136.026179,1,0,0,0,0,2023,200.0,95,5.6,3900.0,20231122,0,0,1,0,0,1,0
-138.475625,1,0,0,0,0,2023,200.0,158,6.4,3500.0,20231122,0,1,0,0,1,1,0
-166.110316,1,0,0,0,0,2023,200.0,169,8.6,2542.0,20231201,0,0,0,0,0,0,0
-21.987897,0,1,0,0,0,2023,30.0,104,5.3,1873.0,20231201,0,0,0,1,1,0,0
-14.564993,0,1,0,0,0,2023,16.0,97,6.0,558.0,20231208,0,1,0,1,0,0,0
5.718219,0,0,1,0,0,2023,6.4,115,5.6,2450.0,20231201,0,0,0,0,0,0,1
3.902148,0,0,1,0,0,2023,1.5,144,8.0,1214.0,20231207,0,1,1,0,0,0,0
-0.846669,0,1,0,0,0,2023,35.0,141,8.1,2300.0,20240227,0,1,1,0,0,0,1
-33.31017,0,1,0,0,0,2023,38.0,88,5.7,664.0,20240209,0,0,0,1,0,0,0
93.006781,0,0,0,1,0,2023,125.0,116,7.1,4213.0,20231215,0,0,1,0,0,1,0
-80.518774,1,0,0,0,0,2023,205.0,124,5.6,3787.0,20231222,0,0,0,0,1,1,1
55.952645,0,0,1,0,0,2023,70.0,83,6.7,3839.0,20231222,0,0,1,0,0,1,0
33.470296,0,0,0,0,1,2023,1.6,132,7.7,2794.0,20231222,1,1,0,0,0,0,0
-39.380809,1,0,0,0,0,2023,100.0,141,6.9,3218.0,20231225,0,1,0,0,0,0,0
-91.449972,1,0,0,0,0,2023,110.0,130,6.5,2386.0,20231225,0,1,0,0,0,0,0
277.535383,0,0,0,0,1,2023,290.0,163,7.7,4327.0,20230712,0,0,0,1,1,1,0
63.150109,0,0,1,0,0,2023,25.0,103,6.2,3055.0,20231222,0,0,1,0,0,0,0
35.23136,0,0,1,0,0,2023,30.0,88,6.0,4027.0,20230929,0,1,1,0,1,1,1
41.418793,0,0,1,0,0,2023,15.0,124,8.3,2622.0,20231201,0,1,0,0,1,1,1
43.799436,0,0,0,0,1,2023,4.5,95,7.1,2379.0,20230728,1,0,0,1,0,0,0
-53.870843,1,0,0,0,0,2023,100.0,124,7.6,2325.0,20231208,0,1,0,0,0,1,0
-11.512524,0,1,0,0,0,2023,29.0,146,5.8,697.0,20230125,0,0,0,1,1,1,0
-38.061961,1,0,0,0,0,2023,55.0,123,7.5,2631.0,20230421,0,1,0,1,1,0,0
-26.283485,0,1,0,0,0,2023,70.0,91,5.7,3408.0,20230630,0,0,1,0,1,0,0
-184.966205,1,0,0,0,0,2023,200.0,195,6.5,2464.0,20230309,0,0,0,0,0,0,0
3.004482,0,0,1,0,0,2023,12.0,204,6.3,698.0,20231201,0,1,0,1,1,0,0
12.14274,0,0,1,0,0,2023,0.25,101,5.8,1930.0,20230330,0,1,0,0,0,0,0
10.228326,0,0,1,0,0,2023,1.25,108,6.2,2730.0,20231027,0,0,0,0,0,0,0
-77.734064,1,0,0,0,0,2023,180.0,122,7.6,2170.0,20230414,0,0,0,0,1,1,0
-39.882194,1,0,0,0,0,2023,50.0,110,7.5,1774.0,20230303,0,0,0,1,1,1,0
-23.570718,0,1,0,0,0,2023,32.5,175,6.5,802.0,20231222,0,1,0,1,1,0,0
-1.297269,0,1,0,0,0,2023,10.0,125,7.8,534.0,20231103,0,1,0,0,0,0,0
-7.539841,0,1,0,0,0,2023,15.0,160,6.7,650.0,20231221,0,1,1,0,0,0,0
133.3,0,0,0,1,0,2023,32.5,131,8.3,475.0,20230428,0,0,0,0,1,1,1
0.5784,0,1,0,0,0,2023,4.5,117,6.0,1835.0,20230127,0,0,0,1,0,0,1
-64.923631,1,0,0,0,0,2023,70.0,151,7.8,583.0,20240322,0,1,0,1,0,0,0
-12.696355,0,1,0,0,0,2023,17.0,93,6.2,1717.0,20230112,0,0,1,0,0,1,0
2.037272,0,0,1,0,0,2023,0.015,100,4.8,809.0,20230113,0,0,0,0,0,0,0
0.750639,0,1,0,0,0,2023,1.0,100,2.9,1652.0,20240215,0,0,0,1,0,0,0
101.012178,0,0,0,1,0,2023,10.0,124,8.3,581.0,20230728,0,1,1,0,0,0,0
102.3,0,0,0,1,0,2023,205.0,124,5.6,753.0,20231222,0,0,0,0,1,1,1
-6.502933,0,1,0,0,0,2023,7.6,30,6.9,579.0,20230217,0,1,1,0,0,0,0
-0.565693,0,1,0,0,0,2023,1.52,81,7.4,68.0,20231117,0,1,1,0,0,0,0
-9.290589,0,1,0,0,0,2023,10.2,105,6.6,41.0,20230531,0,0,0,1,1,0,0
-40.876811,1,0,0,0,0,2023,41.68,128,6.3,62.0,20230217,0,1,0,1,0,0,0
-9.219737,0,1,0,0,0,2023,10.0,91,5.8,273.0,20231006,0,0,0,1,0,0,0
